{"$schema":"http://schema.management.azure.com/schemas/2015-01-01/deploymentTemplate.json#","contentVersion":"1.0.0.0","parameters":{"factoryName":{"type":"string","metadata":"Data Factory name"},"ADLS_Ankit":{"type":"string"},"SQLDB_ANKIT":{"type":"string"}},"variables":{"factoryId":"[concat('Microsoft.DataFactory/factories/', parameters('factoryName'))]"},"resources":[{"name":"[concat(parameters('factoryName'), '/Auto_loader')]","type":"Microsoft.DataFactory/factories/pipelines","apiVersion":"2018-06-01","properties":{"activities":[{"name":"Get Metadata1","type":"GetMetadata","dependsOn":[],"policy":{"timeout":"0.12:00:00","retry":0,"retryIntervalInSeconds":30,"secureOutput":false,"secureInput":false},"userProperties":[],"typeProperties":{"dataset":{"referenceName":"Fetch_las_update_time","type":"DatasetReference","parameters":{}},"fieldList":["lastModified"],"storeSettings":{"type":"AzureBlobFSReadSettings","recursive":true,"enablePartitionDiscovery":false},"formatSettings":{"type":"ParquetReadSettings"}}},{"name":"Set variable1","type":"SetVariable","dependsOn":[{"activity":"Get Metadata1","dependencyConditions":["Succeeded"]}],"policy":{"secureOutput":false,"secureInput":false},"userProperties":[],"typeProperties":{"variableName":"LastLoadtime","value":{"value":"@activity('Get Metadata1').output.lastModified","type":"Expression"}}},{"name":"Lookup1","type":"Lookup","dependsOn":[],"policy":{"timeout":"0.12:00:00","retry":0,"retryIntervalInSeconds":30,"secureOutput":false,"secureInput":false},"userProperties":[],"typeProperties":{"source":{"type":"SqlServerSource","sqlReaderQuery":"select max(LastUpdated) as LastUpdated from Sales_Orders","queryTimeout":"02:00:00","partitionOption":"None"},"dataset":{"referenceName":"Sales_Order","type":"DatasetReference","parameters":{}}}},{"name":"Copy data1","type":"Copy","dependsOn":[{"activity":"Lookup1","dependencyConditions":["Succeeded"]},{"activity":"Set variable1","dependencyConditions":["Succeeded"]}],"policy":{"timeout":"0.12:00:00","retry":0,"retryIntervalInSeconds":30,"secureOutput":false,"secureInput":false},"userProperties":[],"typeProperties":{"source":{"type":"SqlServerSource","sqlReaderQuery":{"value":"SELECT * \nFROM dbo.Sales_Orders \nWHERE LastUpdated >= '@{formatDateTime(convertTimeZone(variables('LastLoadtime'), 'UTC', 'India Standard Time'), 'yyyy-MM-dd HH:mm:ss')}'\n  AND LastUpdated >= '@{formatDateTime(activity('Lookup1').output.firstRow.LastUpdated, 'yyyy-MM-dd HH:mm:ss')}'","type":"Expression"},"queryTimeout":"02:00:00","partitionOption":"None"},"sink":{"type":"ParquetSink","storeSettings":{"type":"AzureBlobFSWriteSettings"},"formatSettings":{"type":"ParquetWriteSettings"}},"enableStaging":false,"translator":{"type":"TabularTranslator","typeConversion":true,"typeConversionSettings":{"allowDataTruncation":true,"treatBooleanAsNumber":false}}},"inputs":[{"referenceName":"Sales_Order","type":"DatasetReference","parameters":{}}],"outputs":[{"referenceName":"Incremental_load","type":"DatasetReference","parameters":{}}]}],"policy":{"elapsedTimeMetric":{}},"variables":{"LastLoadtime":{"type":"String"}},"annotations":[],"lastPublishTime":"2025-01-10T13:35:10Z"},"dependsOn":["[concat(variables('factoryId'), '/datasets/Fetch_las_update_time')]","[concat(variables('factoryId'), '/datasets/Sales_Order')]","[concat(variables('factoryId'), '/datasets/Incremental_load')]"]},{"name":"[concat(parameters('factoryName'), '/Fetch_las_update_time')]","type":"Microsoft.DataFactory/factories/datasets","apiVersion":"2018-06-01","properties":{"linkedServiceName":{"referenceName":"[parameters('ADLS_Ankit')]","type":"LinkedServiceReference"},"annotations":[],"type":"Parquet","typeProperties":{"location":{"type":"AzureBlobFSLocation","fileName":"dbo.Sales_Orders.parquet","folderPath":"Sales_order","fileSystem":"bronze-ankit"},"compressionCodec":"snappy"},"schema":[{"name":"OrderID","type":"INT32"},{"name":"CustomerID","type":"INT32"},{"name":"ProductID","type":"INT32"},{"name":"OrderDate","type":"INT96"},{"name":"Quantity","type":"INT32"},{"name":"UnitPrice","type":"DECIMAL","precision":10,"scale":2},{"name":"TotalAmount","type":"DECIMAL","precision":12,"scale":2},{"name":"OrderStatus","type":"UTF8"},{"name":"LastUpdated","type":"INT96"}]},"dependsOn":[]},{"name":"[concat(parameters('factoryName'), '/Sales_Order')]","type":"Microsoft.DataFactory/factories/datasets","apiVersion":"2018-06-01","properties":{"linkedServiceName":{"referenceName":"[parameters('SQLDB_ANKIT')]","type":"LinkedServiceReference"},"annotations":[],"type":"SqlServerTable","schema":[{"name":"OrderID","type":"int","precision":10},{"name":"CustomerID","type":"int","precision":10},{"name":"ProductID","type":"int","precision":10},{"name":"OrderDate","type":"datetime","precision":23,"scale":3},{"name":"Quantity","type":"int","precision":10},{"name":"UnitPrice","type":"decimal","precision":10,"scale":2},{"name":"TotalAmount","type":"decimal","precision":12,"scale":2},{"name":"OrderStatus","type":"varchar"},{"name":"LastUpdated","type":"datetime","precision":23,"scale":3}],"typeProperties":{"schema":"dbo","table":"Sales_Orders"}},"dependsOn":[]},{"name":"[concat(parameters('factoryName'), '/Incremental_load')]","type":"Microsoft.DataFactory/factories/datasets","apiVersion":"2018-06-01","properties":{"linkedServiceName":{"referenceName":"[parameters('ADLS_Ankit')]","type":"LinkedServiceReference"},"annotations":[],"type":"Parquet","typeProperties":{"location":{"type":"AzureBlobFSLocation","fileName":{"value":"@concat('Sales_orders_', utcNow(),'.parquet')\n","type":"Expression"},"folderPath":"Sales_order","fileSystem":"bronze-ankit"},"compressionCodec":"snappy"},"schema":[{"name":"OrderID","type":"INT32"},{"name":"CustomerID","type":"INT32"},{"name":"ProductID","type":"INT32"},{"name":"OrderDate","type":"INT96"},{"name":"Quantity","type":"INT32"},{"name":"UnitPrice","type":"DECIMAL","precision":10,"scale":2},{"name":"TotalAmount","type":"DECIMAL","precision":12,"scale":2},{"name":"OrderStatus","type":"UTF8"},{"name":"LastUpdated","type":"INT96"}]},"dependsOn":[]}]}